Region,Country,State/Province,City,Location Name,Screen AR,Digital Projector, max AR (Digital),Film Projector,Screen Dimensions,Commercial Films Shown
Europe,Austria,,Graz,CineplexX Graz & IMAX,1.90:1,IMAX Laser CoLa,1.90:1,,17.4 m x 9.2 m,Yes
Europe,Austria,,Hohenems,Cineplexx Hohenems & IMAX,1.90:1,IMAX Laser CoLa,1.90:1,,17.0 m x 9.1 m,Yes
Europe,Austria,,Vienna,CineplexX Apollo Wien & IMAX,1.90:1,IMAX Laser CoLa,1.90:1,,17.6 m x 9.5 m,Yes
Europe,Austria,,Vienna,CineplexX Donau Plex IMAX Vienna,1.90:1,IMAX Laser CoLa,1.90:1,,20.5 m x 11.0 m,Yes
Europe,Austria,,Wiener Neudorf,CineplexX Westfield SCS & IMAX,1.90:1,IMAX Laser CoLa,1.90:1,,,Yes
Europe,Belgium,,Antwerp,Kinepolis Mega NV Antwerpen & IMAX,1.90:1,IMAX Laser CoLa,1.90:1,,20.0 m x 11.0 m,Yes
Europe,Belgium,,Brussels,Kinepolis Brussels & IMAX,1.43:1,IMAX GT Laser,1.43:1,,27.6 m x 19.3 m,Yes
Europe,Belgium,,Charleroi,Pathe Charleroi & IMAX,1.90:1,IMAX GT Laser,1.90:1,,22.0 m x 16.0 m,Yes
Europe,Belgium,,Liege,Kinepolis Liege & IMAX,1.90:1,IMAX Laser XT,1.90:1,,20.0 m x 8.0 m,Yes
Europe,Czechia,,Prague,"IMAX Theatre, Palac Flora",1.43:1,IMAX Digital,1.90:1,IMAX GT3D 15/70 m m,23.9 m x 18.5 m,Yes
Europe,Finland,,Helsinki,Finnkino Itis & IMAX,1.90:1,IMAX Laser CoLa,1.90:1,,23.3 m x 13.3 m,Yes
Europe,France,,Archamps,Gaumont Archamps & IMAX,1.90:1,IMAX GT Laser,1.90:1,,25.0 m x 14.0 m,Yes
Europe,France,,Aubiere,Pathe Cine Dome Aubiere & IMAX,1.90:1,IMAX Laser CoLa,1.90:1,,19.00 m x 10.33 m,Yes
Europe,France,,Conflans-Sainte-Honorine,Pathe Conflans & IMAX,1.90:1,IMAX GT Laser,1.90:1,,25.0 m x 14.7 m,Yes
Europe,France,,Grenoble,Pathe Grenoble & IMAX,1.90:1,IMAX Laser CoLa,1.90:1,,,Yes
Europe,France,,Ivry-sur-Seine,Cinema Pathe Quai d'Ivry & IMAX,1.90:1,IMAX Laser CoLa,1.90:1,,21.0 m x 11.0 m,Yes
Europe,France,,La Valette-du-Var,Pathe La Valette & IMAX,1.90:1,IMAX GT Laser,1.90:1,,24.38 m x 13.67 m,Yes
Europe,France,,Les Pennes Mirabeau,Pathe Plan de Campagne & IMAX,1.90:1,IMAX GT Laser,1.90:1,,25.0 m x 15.0 m,Yes
Europe,France,,Lieusaint,Pathe Carre Senart & IMAX,1.90:1,IMAX Laser CoLa,1.90:1,,,Yes
Europe,France,,Marne-la-Vallee,Gaumont Disney Village & IMAX,1.90:1,IMAX GT Laser,1.90:1,,25.7 m x 14.8 m,Yes
Europe,France,,Montpellier,Gaumont Montpellier Multiplexe & IMAX,1.43:1,IMAX GT Laser,1.43:1,,22.39 m x 16.76 m,Yes
Europe,France,,Nimes,Kinepolis Nimes & IMAX,1.90:1,IMAX Laser XT,1.90:1,,17.17 m x 9.25 m,Yes
Europe,France,,Paris,La Geode,1.43:1,IMAX Dome with Laser,1.43:1,,23.7 m x 17.3 m,
Europe,France,,Poitiers,Futuroscope - Arthur the 4D Adventure,1.43:1,IMAX Dome with Laser,1.43:1,IMAX Dome 15/70 m m 3D,25.00 m x 14.0 m,No
Europe,France,,Poitiers,Futuroscope - Kinemax IMAX Theatre,1.43:1,IMAX GT Laser,1.43:1,,27.2 m x 21.4 m,No
Europe,France,,Rouen,Gaumont Rouen Grand Quevilly & IMAX,1.90:1,IMAX Laser CoLa,1.90:1,,20.30 m x 10.45 m,Yes
Europe,France,,Saran,Pathe Saran & IMAX,1.90:1,IMAX GT Laser,1.90:1,,22.0 m x 12.0 m,Yes
Europe,France,,Thillois,Gaumont Parc Millesime & IMAX,1.90:1,IMAX GT Laser,1.90:1,,22.0 m x 12.0 m,Yes
Europe,France,,Toulouse,Cinema Gaumont Labège & IMAX,1.90:1,IMAX Laser CoLa,1.90:1,,25.0 m x 15.0 m,Yes
Europe,France,,Toulouse,IMAX Cite de l'Espace,1.43:1,IMAX GT Laser,1.43:1,,21.5 m x 17.5 m,No
Europe,France,,Tours,Cine Loire & IMAX,1.90:1,IMAX Laser CoLa,1.90:1,,18.7 m x 10.5 m,Yes
Europe,France,,Valenciennes,Pathe Valenciennes & IMAX,1.90:1,IMAX Laser CoLa,1.90:1,,,Yes
Europe,France,,Vaulx-en-Velin,Cinema Pathe Carre de Soie & IMAX,1.90:1,IMAX Laser CoLa,1.90:1,,17.90 m x 9.88 m,Yes
Europe,Germany,,Berlin,UCI Luxe East Side Gallery & IMAX,1.90:1,IMAX Laser CoLa,1.90:1,,22.3 m x 13.5 m,Yes
Europe,Germany,,Dortmund,CineStar Dortmund & IMAX,1.90:1,IMAX Laser XT,1.90:1,,20.04 m x 10.15 m,Yes
Europe,Germany,,Düsseldorf,UCI Düsseldorf & IMAX,1.90:1,IMAX Laser CoLa,1.90:1,,20.0 m x 10.5 m,Yes
Europe,Germany,,Frankfurt,CineStar Metropolis & IMAX,1.90:1,IMAX Laser XT,1.90:1,,21.34 m x 11.3 m,Yes
Europe,Germany,,Karlsruhe,Filmpalast aM ZKM & IMAX,1.43:1,IMAX GT Laser,1.43:1,,22.3 m x 15.8 m,Yes
Europe,Germany,,Kassel,Filmpalast Kassel & IMAX,1.90:1,IMAX GT Laser,1.90:1,,18.6 m x 9.8 m,Yes
Europe,Germany,,Leipzig,CineStar Leipzig & IMAX,1.90:1,IMAX Laser XT,1.90:1,,20.0 m x 10.19 m,Yes
Europe,Germany,,Leonberg,IMAX Leonberg,1.90:1,IMAX GT Laser,1.90:1,,38.8 m x 21.0 m,Yes
Europe,Germany,,Sinsheim,"IMAX 3D, Sinsheim Auto & TechnikMuseum",1.43:1,IMAX GT Laser,1.43:1,,27.0 m x 22.0 m,Yes
Europe,Germany,,Speyer,"IMAX Dome, Speyer TechnikMuseum",1.43:1,IMAX Dome with Laser,1.43:1,IMAX GT Dome 15/70 m m,24.0 m x 13.6 m,No
Europe,Greece,,Athens,Village Cinemas @ The Mall Athens,1.90:1,,1.90:1,,,Yes
Europe,Ireland,,Dublin,Cineworld Dublin & IMAX,1.90:1,,1.90:1,,18.6 m x 9.9 m,Yes
Europe,Ireland,,Blanchardstown,Odeon Blanchardstown & IMAX,1.90:1,,1.90:1,,16.4 m x 8.9 m,Yes
Europe,Italy,,Azzano San Paolo,UCI Cinemas Orio & IMAX,1.90:1,IMAX GT Laser,1.90:1,,29.6 m x 16.5 m,Yes
Europe,Latvia,,Riga,Apollo Kino & IMAX,1.90:1,IMAX Laser CoLa,1.90:1,,,Yes
Europe,Luxembourg,,Kirchberg,Kinepolis Kirchberg & IMAX,1.90:1,IMAX Laser XT,1.90:1,,17.9 m x 9.5 m,Yes
Europe,Netherlands,,Almere,Kinepolis Almere & IMAX,1.90:1,IMAX Laser XT,1.90:1,,16.3 m x 8.7 m,Yes
Europe,Netherlands,,Amsterdam,Pathe Arena & IMAX,1.90:1,IMAX Laser CoLa,1.90:1,,20.4 m x 10.4 m,Yes
Europe,Netherlands,,Arnhem,Pathe Arnhem & IMAX,1.90:1,IMAX Laser XT,1.90:1,,21.0 m x 12.0 m,Yes
Europe,Netherlands,,Breda,Kinepolis Breda & IMAX,1.90:1,IMAX Laser XT,1.90:1,,16.7 m x 8.94 m,Yes
Europe,Netherlands,,Eindhoven,Pathe Eindhoven & IMAX,1.90:1,IMAX Laser CoLa,1.90:1,,18.0 m x 7.0 m,Yes
Europe,Netherlands,,Enschede,Kinepolis Enschede & IMAX,1.90:1,IMAX Laser XT,1.90:1,,17.4 m x 9.25 m,Yes
Europe,Netherlands,,Rotterdam,Pathe Schouwburgplein & IMAX,1.90:1,IMAX Laser CoLa,1.90:1,,18.0 m x 9.0 m,Yes
Europe,Netherlands,,The Hague,Pathe Spuimarkt & IMAX,1.90:1,IMAX Laser CoLa,1.90:1,,21.0 m x 11.0 m,Yes
Europe,Netherlands,,Tilburg,Pathe Tilburg & IMAX,1.90:1,IMAX Laser CoLa,1.90:1,,19.0 m x 10.0 m,Yes
Europe,Netherlands,,Utrecht,Pathe Utrecht Leidsche Rijn & IMAX,1.90:1,IMAX Laser XT,1.90:1,,20.0 m x 11.0 m,Yes
Europe,Norway,,Oslo,ODEON Oslo & IMAX,1.90:1,IMAX GT Laser,1.90:1,,24.2 m x 13.7 m,Yes
Europe,Poland,,Krakow,Cinema City Zakopianka & IMAX,1.90:1,IMAX Laser CoLa,1.90:1,,24.1 m x 17.4 m,Yes
Europe,Portugal,,Lisbon,Cinema NOS Colombo & IMAX,1.90:1,IMAX Laser CoLa,1.90:1,,21.4 m x 12.0 m,Yes
Europe,Serbia,,Belgrade,CineplexX Galerija Belgrade & IMAX,1.90:1,IMAX Laser CoLa,1.90:1,,,Yes
Europe,Spain,,Madrid,Kinepolis Madrid & IMAX,1.90:1,IMAX Laser XT,1.90:1,,20.0 m x 8.0 m,Yes
Europe,Spain,,Valencia,"L'Hemisferic, Ciudad de las Artes y las Ciencias",1.43:1,IMAX Dome with Laser,1.43:1,IMAX GT Dome 15/70 m m,24.0 m x 13.6 m,No
Europe,Sweden,,Stockholm,"IMAX Cosmonova, Swedish Museum of Natural History",1.43:1,IMAX Dome with Laser,1.43:1,,23.0 m x 13.5 m,
Europe,Sweden,,Gothenburg,Filmstaden Bergakungen & IMAX,1.90:1,IMAX Laser CoLa,1.90:1,,,Yes
Europe,Switzerland,,Chur,blue Cinema Chur & IMAX,1.90:1,IMAX Laser CoLa,1.90:1,,,Yes
Europe,Switzerland,,Ebikon-Luzern,Pathe Mall of Switzerland & IMAX,1.90:1,IMAX GT Laser,1.90:1,,22.5 m x 12.5 m,Yes
Europe,Switzerland,,Geneva,Pathe Balexert & IMAX,1.90:1,IMAX Laser XT,1.90:1,,,Yes
Europe,Switzerland,,Spreitenbach,Pathe Spreitenbach & IMAX,1.90:1,IMAX Laser CoLa,1.90:1,,,Yes
Europe,Ukraine,,Kyiv,Multiplex Lavina Mall & IMAX,1.90:1,IMAX Laser CoLa,1.90:1,,,
Europe,Ukraine,,Kyiv,Planeta Kino River Mall & IMAX,1.90:1,IMAX Laser CoLa,1.90:1,,,
Europe,Ukraine,,Kyiv,Respublica IMAX,1.90:1,IMAX Laser CoLa,1.90:1,,,
Europe,United Kingdom,,Ashford,Cineworld Ashford & IMAX,1.43:1,IMAX Laser CoLa,1.90:1,,23 m x 16 m,Yes
Europe,United Kingdom,,Barnsley,Cineworld Barnsley & IMAX,1.90:1,IMAX Laser CoLa,1.90:1,,,Yes
Europe,United Kingdom,,Belfast,Cineworld Belfast & IMAX,1.43:1,IMAX Laser CoLa,1.90:1,,,Yes
Europe,United Kingdom,,Dunfermline,ODEON Dunfermline & IMAX,1.90:1,IMAX Laser CoLa,1.90:1,,,Yes
Europe,United Kingdom,,Gateshead,ODEON Gateshead & IMAX,1.90:1,IMAX Laser CoLa,1.90:1,,19.0 m x 10.0 m,Yes
Europe,United Kingdom,,Glasgow,Cineworld Silverburn & IMAX,1.90:1,IMAX Laser CoLa,1.90:1,,24 m x 13 m,Yes
Europe,United Kingdom,,Liverpool,ODEON Liverpool ONE & IMAX,1.90:1,IMAX Laser CoLa,1.90:1,,,Yes
Europe,United Kingdom,,London,"BFI IMAX, British Film Institute",1.43:1,IMAX Laser CoLa,1.90:1,IMAX GT3D 15/70 m m,26 m x 20 m,Yes
Europe,United Kingdom,,London,Cineworld Leicester Square IMAX,1.90:1,IMAX GT Laser,1.90:1,,26.5 m x 14.0 m,Yes
Europe,United Kingdom,,London,IMAX: The Ronson Theatre at the Science Museum,1.43:1,IMAX GT Laser,1.43:1,IMAX GT3D 15/70 m m,24.3 m x 16.8 m,Yes
Europe,United Kingdom,,Manchester,ODEON Trafford Centre & IMAX,1.90:1,IMAX Laser CoLa,1.90:1,,17.8 m x 9.7 m,Yes
Europe,United Kingdom,,Manchester,Vue Manchester IMAX & The Printworks,1.43:1,IMAX GT Laser,1.43:1,IMAX GT3D 15/70 m m,26.3 m x 18.8 m,Yes
Europe,United Kingdom,,Norwich,Odeon Norwich & IMAX,1.90:1,IMAX Laser XT,1.90:1,,18.24 m x 9.4 m,Yes
Europe,United Kingdom,,Rushden,Cineworld Rushden Lakes & IMAX,1.90:1,IMAX Laser CoLa,1.90:1,,23.8 m x 13.2 m,Yes
Europe,United Kingdom,,Sheffield,Cineworld Sheffield & IMAX,1.90:1,IMAX GT Laser,1.90:1,,23.9 m x 12.9 m,Yes
Europe,United Kingdom,,Swindon,VUE Swindon & IMAX,1.90:1,IMAX Laser CoLa,1.90:1,,,Yes
Europe,United Kingdom,,Watford,Cineworld Watford & IMAX,1.90:1,IMAX Laser CoLa,1.90:1,,22.0 m x 11.6 m,Yes
Europe,United Kingdom,,York,Cineworld York & IMAX,1.43:1,IMAX Laser CoLa,1.90:1,,22.29 m x 16.81 m,Yes
Asia,Bahrain,Muharraq,Diyar Al-Muharraq,Reel Cinemas & IMAX,1.90:1,IMAX Laser CoLa,1.90:1,,17.6 m x 9.3 m,Yes
Asia,China,Beijing,Chaoyang,China National Film Museum & IMAX,1.43:1,IMAX GT Laser,1.43:1,,30.17 m x 19.51 m,
Asia,China,Beijing,Chaoyang,"IMAX 3D, China Science & Technology Museum",1.43:1,,,IMAX GT3D 15/70 m m,29.58 m x 21.93 m,
Asia,China,Beijing,Chaoyang,"IMAX Dome, China Science & Technology Museum",1.43:1,IMAX Dome with Laser,1.43:1,IMAX GT Dome 15/70 m m,30.0 m x 22 m,
Asia,China,Beijing,Chaoyang,Beijing Emperor Center & IMAX,1.90:1,IMAX Laser CoLa,1.90:1,,22.19  m x 11.76 m,
Asia,China,Beijing,Chaoyang,Beijing Fangyuanli ID Mall Bona & IMAX,1.90:1,IMAX Laser CoLa,1.90:1,,20.92 m x 10.9 m,
Asia,China,Beijing,Fangshan,Beijing Fangshan Wanda & IMAX,1.90:1,IMAX Laser CoLa,1.90:1,,22.85 m x 11.76 m,
Asia,China,Beijing,Haidian,Beijing Qinghe CGV & IMAX,1.90:1,IMAX Laser CoLa,1.90:1,,16.48 m x 8.31 m,
Asia,China,Beijing,Shijingshan,Beijing Shijingshan Wanda & IMAX,1.90:1,IMAX Laser CoLa,1.90:1,,23.22 m x 12.68 m,
Asia,China,Beijing,Tongzhou,Universal Beijing Resort Universal City Walk & IMAX,1.90:1,IMAX Laser CoLa,1.90:1,,,
Asia,China,Chongqing,Jiangbei,"IMAX, Chongqing Science & Technology Museum",1.43:1,,,IMAX SR 15/70 m m,22.00 m x 16.00 m,
Asia,China,Chongqing,Yuzhong,"IMAX Dome, Chongqing Children's Museum",1.43:1,IMAX Dome with Laser,1.43:1,IMAX SR Dome 15/70 m m,18 m x 10 m,
Asia,China,Fujian,Fuzhou,Fuzhou Strait Culture Art Center Jinyi & IMAX,1.90:1,IMAX Laser CoLa,1.90:1,,20.39 m x 10.59 m,
Asia,China,Fujian,Xiamen,Xiamen Huli Wanda & IMAX,1.90:1,IMAX Laser CoLa,1.90:1,,20.18 m x 10.40 m,
Asia,China,Guangdong,Dongguan,"IMAX Dome, Dongguan Science & Technology Museum",1.43:1,IMAX Dome with Laser,1.43:1,IMAX GT Dome 15/70 m m,18 m x 10 m,
Asia,China,Guangdong,Dongguan,Dongguan Wanda & IMAX,1.43:1,IMAX GT Laser,1.43:1,,32.06 m x 19.51 m,
Asia,China,Guangdong,Guangzhou,Guangzhou New Park mei Ah & IMAX,1.90:1,IMAX Laser CoLa,1.90:1,,23.55 m x 12.31 m,
Asia,China,Guangdong,Guangzhou,Guangzhou Rock Square Flying & IMAX,1.90:1,IMAX Laser CoLa,1.90:1,,,
Asia,China,Guangdong,Mao Ming,Mao Ming Donghui & IMAX,1.90:1,IMAX Laser CoLa,1.90:1,,,
Asia,China,Guangdong,Shenzhen,Shenzhen One Avenue CGV & IMAX,1.90:1,IMAX Laser CoLa,1.90:1,,22.85 m x 11.76 m,
Asia,China,Guangdong,Shenzhen,Shenzhen Maxland Jinyi & IMAX,1.90:1,IMAX Laser CoLa,1.90:1,,22.74 m x 11.80 m,
Asia,China,Guangdong,Shenzhen,Shenzhen PAFC Mall Emperor & IMAX,1.90:1,IMAX Laser CoLa,1.90:1,,20.80 m x 11.00 m,
Asia,China,Guangdong,Shenzhen,Shenzhen Longgang Tianan Mix C & IMAX,1.90:1,IMAX Laser CoLa,1.90:1,,,
Asia,China,Guangxi,Nanning,Nanning Qingxiu Wanda & IMAX,1.90:1,IMAX Laser CoLa,1.90:1,,22.76 m x 11.67 m,
Asia,China,Guizhou,Guiyang,Guiyang The Future Ark Cross & IMAX,1.90:1,IMAX GT Laser,1.90:1,,32.16 m x 18.17 m,
Asia,China,Guizhou,Guiyang,Guiyang Incity CGV & IMAX,1.90:1,IMAX Laser CoLa,1.90:1,,22.96 m x 11.94 m,
Asia,China,Guizhou,Guiyang,Guiyang Zhongda Wanda & IMAX,1.90:1,IMAX Laser CoLa,1.90:1,,18.92 m x 9.91 m,
Asia,China,Hebei,Shijiazhuang,Shijiazhuang Mix C & IMAX,1.90:1,IMAX Laser CoLa,1.90:1,,25.07 m x 13.90 m,
Asia,China,Heilongjiang,Daqing,"IMAX, Da Qing Science & Technology Museum",1.43:1,IMAX Dome with Laser,1.43:1,IMAX SR Dome 15/70 m m,18.0 m x 10 m,
Asia,China,Heilongjiang,Harbin,"IMAX, Heilongjiang Science & Technology Center",1.43:1,IMAX Dome with Laser,1.43:1,IMAX SR Dome 15/70 m m,,
Asia,China,Heilongjiang,Harbin,Harbin Tai Lai Era & IMAX,1.43:1,IMAX GT Laser,1.43:1,,28.65 m x 21.30 m,
Asia,China,Heilongjiang,Harbin,Harbin Mix C & IMAX,1.90:1,IMAX Laser CoLa,1.90:1,,,
Asia,China,Heilongjiang,Harbin,Haxi Wanda Plaza IMAX,1.90:1,IMAX Laser CoLa,1.90:1,,20.54 m x 11.49 m,
Asia,China,Henan,Zhengzhou,Zhengzhou Yoyo Park CGV & IMAX,1.90:1,IMAX Laser CoLa,1.90:1,,20.60 m x 10.64 m,
Asia,China,Henan,Zhengzhou,Zhengzhou Wanda Erqi & IMAX,1.90:1,IMAX Laser CoLa,1.90:1,,21.30 m x 11.70 m,
Asia,China,Hubei,Wuhan,Wuhan Wushang Dream Plazamoore & IMAX,1.90:1,IMAX Laser CoLa,1.90:1,,,
Asia,China,Hubei,Wuhan,Wuhan Wushang Moore & IMAX,1.90:1,IMAX Laser CoLa,1.90:1,,21.34 m x 11.10 m,
Asia,China,Hunan,Changsha,Changsha Wanda & IMAX,1.90:1,IMAX Laser CoLa,1.90:1,,22.42 m x 11.51 m,
Asia,China,Jiangsu,Jingjiang City,Jingjiang In City CGV & IMAX,1.90:1,IMAX Laser XT,1.90:1,,,
Asia,China,Jiangsu,Nanjing,"IMAX, Nanjing Juvenile Science & Technology Center",1.43:1,IMAX Dome with Laser,1.43:1,IMAX SR Dome 15/70 m m,21.0 m x 11.5 m,
Asia,China,Jiangsu,Nanjing,Nanjing Uni Mall Omnijoi & IMAX,1.90:1,IMAX Laser CoLa,1.90:1,,21.92 m x 11.45 m,
Asia,China,Jiangsu,Suzhou,Kunshan Mix C & IMAX,1.90:1,IMAX Laser CoLa,1.90:1,,23.84 m x 12.30 m,
Asia,China,Jiangsu,Wuxi,Wuxi Livat Jinyi & IMAX,1.90:1,IMAX Laser CoLa,1.90:1,,23.22 m x 12.68 m,
Asia,China,Jiangsu,Wuxi,Wuxi Big World & IMAX,1.90:1,IMAX Laser CoLa,1.90:1,,20.82 m x 10.83 m,
Asia,China,Jiangsu,Wuxi,Wuxi Yaohan CGV & IMAX,1.90:1,IMAX Laser CoLa,1.90:1,,20.34 m x 10.73 m,
Asia,China,Jiangsu,Wuxi,Wuxi Jiangnan Joy City Big World & IMAX,1.90:1,IMAX Laser CoLa,1.90:1,,25.00 m x 13.00 m,
Asia,China,Jiangxi,Nanchang,Nanchangmix C & IMAX,1.90:1,IMAX Laser CoLa,1.90:1,,17.98 m x 9.44 m,
Asia,China,Liaoning,Dalian,Dalian Jingkai Wanda & IMAX,1.90:1,IMAX Laser CoLa,1.90:1,,22.01 m x 11.51 m,
Asia,China,Liaoning,Shenyang,Shenyang Olympic Wanda IMAX,1.90:1,IMAX Laser CoLa,1.90:1,,22.19 m x 11.61 m,
Asia,China,Liaoning,Shenyang,"IMAX, Liaoning Science & Technology Museum",1.43:1,IMAX GT Laser,1.43:1,,28.98 m x 22.00 m,
Asia,China,Inner Mongolia,Hohhot,Hohhot East Xinhua Road Wanda & IMAX,1.90:1,IMAX Laser CoLa,1.90:1,,21.24 m x 10.87 m,
Asia,China,Shandong,Jinan,Jinan Gaoxin Wanda & IMAX,1.90:1,IMAX Laser CoLa,1.90:1,,23.02 m x 11.85 m,
Asia,China,Shandong,Jinan,Jinanmix C & IMAX,1.90:1,IMAX Laser CoLa,1.90:1,,22.85 m x 11.73 m,
Asia,China,Shandong,Jinan,Shandong Science & Technology Museum,1.43:1,IMAX GT Laser,1.43:1,,,
Asia,China,Shandong,Qingdao,Qingdao Wanda CBD Cinema IMAX,1.90:1,IMAX Laser CoLa,1.90:1,,21.20 m x 11.00 m,
Asia,China,Shanghai,Baoshan,Wanda Shanghai Baoshan & IMAX,1.90:1,IMAX Laser CoLa,1.90:1,,20.05 m x 10.48 m,
Asia,China,Shanghai,Hongkou,Jinyi Cinema & IMAX,1.90:1,IMAX Laser CoLa,1.90:1,,17.82 m x 8.44 m,
Asia,China,Shanghai,Huangpu,Shanghai One East Palace & IMAX,1.90:1,IMAX Laser CoLa,1.90:1,,19.49 m x 10.11 m,
Asia,China,Shanghai,Jinshan,Shanghai Daning ImI X Park Hoyts & IMAX,1.90:1,IMAX Laser CoLa,1.90:1,,25.88 m x 13.46 m,
Asia,China,Shanghai,Jinshan,Shanghai Jinshan Wanda & IMAX,1.90:1,IMAX Laser XT,1.90:1,,23.16 m x 12.10 m,
Asia,China,Shanghai,Pudong,"IMAX Dome, Shanghai Science & Technology Museum",1.43:1,IMAX Dome with Laser,1.43:1,IMAX GT Dome 15/70 m m,23.0 m x 13 m,
Asia,China,Shanghai,Pudong,"IMAX 3D, Shanghai Science & Technology Museum",1.43:1,,1.43:1,IMAX GT3D 15/70 m m,24.3 m x 18.3 m,
Asia,China,Shanxi,Taiyuan,Taiyuan Wanda & IMAX,1.90:1,IMAX Laser CoLa,1.90:1,,26.51 m x 14.06 m,
Asia,China,Shanxi,Taiyuan,Taiyuan Mix C & IMAX,1.90:1,IMAX Laser CoLa,1.90:1,,22.85 m x 11.86 m,
Asia,China,Sichuan,Chengdu,Chengdu Mixc Ph2 Broadway & IMAX,1.90:1,IMAX Laser CoLa,1.90:1,,24.52 m x 12.80 m,
Asia,China,Sichuan,Chengdu,Chengdu Shin Kong Plaza Emperor & IMAX,1.90:1,IMAX Laser CoLa,1.90:1,,23.87 m x 12.46 m,
Asia,China,Yunnan,Kunming,Kunming Panxing Dadu LLC & IMAX,1.43:1,IMAX GT Laser,1.43:1,,23.10 m x 17.37 m,
Asia,China,Yunnan,Kunming,Kunming Xishan Wanda & IMAX,1.90:1,IMAX Laser CoLa,1.90:1,,22.13 m x 11.66 m,
Asia,China,Zhejiang,Ningbo,Ningbo Mixc & IMAX,1.90:1,IMAX Laser CoLa,1.90:1,,25.88 m x 13.92 m,
Asia,Hong Kong,Kowloon,Yau Tsim Mong,Hong Kong ISQUARE Emperor & IMAX,1.90:1,IMAX Laser CoLa,1.90:1,,20.94 m x 11.80 m,Yes
Asia,Hong Kong,Kowloon,Yau Tsim Mong,"OMNIMAX, Hong Kong Space Museum",1.43:1,IMAX Dome with Laser,1.43:1,IMAX GT Dome 15/70 m m,23.00 m x 13 m,
Asia,Hong Kong,Kowloon,Yau Tsim Mong,MCL Cinemas IMAX @ K11 Art House,1.90:1,IMAX Laser CoLa,1.90:1,,20.70 m x 11.77 m,Yes
Asia,India,Delhi,Delhi,INOX Vishal Mall & IMAX,1.90:1,IMAX Laser XT,1.90:1,,,Yes
Asia,India,Delhi,New Delhi,INOX Paras & IMAX,1.90:1,IMAX Laser XT,1.90:1,,,Yes
Asia,India,Delhi,New Delhi,PVR Priya & IMAX,1.90:1,IMAX Laser XT,1.90:1,,,Yes
Asia,India,Delhi,New Delhi,PVR Select City Walk Gold & IMAX,1.90:1,IMAX Laser CoLa,1.90:1,,16.30 m x 9.10 m,Yes
Asia,India,Gujarat,Ahmedabad,"IMAX 3D, Gujarat Science City",1.43:1,,1.43:1,IMAX GT3D 15/70 m m,29.00 m x 20.04 m,No
Asia,India,Maharashtra,Mumbai,PVR Phoenix IMAX,1.90:1,IMAX Laser CoLa,1.90:1,,18.10 m x 9.40 m,Yes
Asia,India,Maharashtra,Mumbai,PVR INOX Jio World Plaza Bkc & IMAX,1.90:1,IMAX Laser XT,1.90:1,,,Yes
Asia,India,Maharashtra,Mumbai,EROS & IMAX,1.90:1,IMAX Laser XT,1.90:1,,,Yes
Asia,India,Tamil Nadu,Coimbatore,Broadway Megaplex & IMAX,1.90:1,IMAX Laser XT,1.90:1,,,Yes
Asia,India,Uttar Pradesh,Noida,PVR Superplex Mall of India & IMAX,1.90:1,IMAX Laser XT,1.90:1,,21.50 m x 12.10 m,Yes
Asia,Indonesia,Banten,South Tangerang,Bintaro Xchange 2 XXI & IMAX,1.90:1,IMAX Laser XT,1.90:1,,,Yes
Asia,Indonesia,Banten,Tangerang,Alam Sutera XXI & IMAX,1.90:1,IMAX Laser XT,1.90:1,,,Yes
Asia,Indonesia,DKI Jakarta,South Jakarta,Gandaria City XXI & IMAX,1.90:1,IMAX Laser CoLa,1.90:1,,20.40 m x 10.80 m,Yes
Asia,Indonesia,DKI Jakarta,East Jakarta,Keong Emas IMAX,1.43:1,,1.43:1,IMAX GT3D 15/70 m m,29.30 m x 21.50 m,No
Asia,Indonesia,DKI Jakarta,North Jakarta,Kelapa Gading XXI & IMAX,1.90:1,IMAX Laser CoLa,1.90:1,,23.60 m x 14.30 m,Yes
Asia,Indonesia,Central Java,Semarang,The Park Semarang XXI & IMAX,1.90:1,IMAX Laser XT,1.90:1,,,Yes
Asia,Indonesia,West Java,Bandung,Summarecon Mall Bandung XXI & IMAX,1.90:1,IMAX Laser XT,1.90:1,,,Yes
Asia,Indonesia,West Java,Cikarang,AEON Mall Deltamas & IMAX,1.90:1,IMAX Laser XT,1.90:1,,,Yes
Asia,Indonesia,West Java,Depok,Margo City XXI & IMAX,1.90:1,IMAX Laser CoLa,1.90:1,,,Yes
Asia,Japan,Chubu,Gifu,Aeon Kakamigahara & IMAX,1.90:1,IMAX Laser CoLa,1.90:1,,,Yes
Asia,Japan,Chubu,Nagoya,109 Cinemas Nagoya & IMAX,1.90:1,IMAX Laser CoLa,1.90:1,,17.10 m x 8.80 m,Yes
Asia,Japan,Chubu,Shizuoka Prefecture,Cinema Sunshine Lalaport Numazu & IMAX,1.90:1,IMAX Laser CoLa,1.90:1,,,Yes
Asia,Japan,Chugoku,Okayama,Aeon Okayama & IMAX,1.90:1,IMAX Laser CoLa,1.90:1,,,Yes
Asia,Japan,Hokkaido,Hokkaido,United Cinemas Sapporo Factory & IMAX,1.90:1,IMAX Laser CoLa,1.90:1,,24.90 m x 13.90 m,Yes
Asia,Japan,Okinawa,Okinawa,United Cinemas Parco City Urasoe & IMAX,1.90:1,IMAX Laser CoLa,1.90:1,,,Yes
Asia,Japan,Kansai,Nara Prefecture,IMAX Cinema Sunshine Yamatokoriyama,1.90:1,IMAX Laser CoLa,1.90:1,,18.30 m x 9.60 m,Yes
Asia,Japan,Kansai,Osaka,109 Cinemas Osaka Expocity & IMAX,1.43:1,IMAX GT Laser,1.43:1,,26.00 m x 18.00 m,Yes
Asia,Japan,Kansai,Osaka,AEON Shijonawate & IMAX,1.90:1,IMAX Laser CoLa,1.90:1,,,Yes
Asia,Japan,Kanto,Chiba,AEON Ichikawa Myoden & IMAX,1.90:1,IMAX Laser CoLa,1.90:1,,,Yes
Asia,Japan,Kanto,Chiba,TOHO Nagareyama-Otakanomori & IMAX,1.90:1,IMAX Laser CoLa,1.90:1,,,Yes
Asia,Japan,Kanto,Chiba,Aeon Makuhari Shintoshin & IMAX,1.90:1,IMAX Laser CoLa,1.90:1,,,Yes
Asia,Japan,Kanto,Chiyoda Ku,TOHO Cinemas Hibiya & IMAX,1.90:1,IMAX Laser CoLa,1.90:1,,,Yes
Asia,Japan,Kanto,Fujisawa City,109 Cinemas Shonan & IMAX,1.90:1,IMAX Laser CoLa,1.90:1,,20.60 m x 11.50 m,Yes
Asia,Japan,Kanto,Kawasaki,109 Cinemas Kawasaki & IMAX,1.90:1,IMAX Laser CoLa,1.90:1,,17.40 m x 9.00 m,Yes
Asia,Japan,Kanto,Kiba,109 Cinemas Kiba & IMAX,1.90:1,IMAX Laser CoLa,1.90:1,,18.00 m x 9.10 m,Yes
Asia,Japan,Kanto,Matsudo,United Cinemas Matsudo & IMAX,1.90:1,IMAX Laser CoLa,1.90:1,,,Yes
Asia,Japan,Kanto,Nerima-ku,United Cinemas Toshimaen & IMAX,1.90:1,IMAX Laser CoLa,1.90:1,,19.00 m x 9.50 m,Yes
Asia,Japan,Kanto,Saitama,109 Cinemas Shobu & IMAX,1.90:1,IMAX Laser CoLa,1.90:1,,18.40 m x 9.80 m,Yes
Asia,Japan,Kanto,Tokyo,109 Cinemas Futako Tamagawa & IMAX,1.90:1,IMAX Laser CoLa,1.90:1,,18.50 m x 9.90 m,Yes
Asia,Japan,Kanto,Tokyo,109 Cinemas Grandberry Mall & IMAX,1.90:1,IMAX Laser CoLa,1.90:1,,16.80 m x 8.60 m,Yes
Asia,Japan,Kanto,Tokyo,Aeon Chofu & IMAX,1.90:1,IMAX Laser CoLa,1.90:1,,,Yes
Asia,Japan,Kanto,Tokyo,Grand Cinema Sunshine & IMAX,1.43:1,IMAX GT Laser,1.43:1,,25.8 m x 18.9 m,Yes
Asia,Japan,Kanto,Tokyo,Toho Cinemas Shinjuku & IMAX,1.90:1,IMAX Laser CoLa,1.90:1,,19.5 m x 10.9 m,Yes
Asia,Japan,Kanto,Tsuchiura-shi,Cinema Sunshine Tsuchiura & IMAX,1.90:1,IMAX Laser XT,1.90:1,,16.7 m x 9.2 m,Yes
Asia,Japan,Kanto,Urawa,United Cinemas Urawa & IMAX,1.90:1,IMAX Laser CoLa,1.90:1,,18.2 m x 9.2 m,Yes
Asia,Japan,Kyushu,Fukuoka,Aeon Fukuoka & IMAX,1.90:1,IMAX Laser CoLa,1.90:1,,,Yes
Asia,Japan,Kyushu,Hakata-ku,United Cinemas Canal City 13 & IMAX,1.90:1,IMAX Laser CoLa,1.90:1,,15.10 m x 8.40 m,Yes
Asia,Japan,Kyushu,Kagoshima,"Space Theatre, Municipal Science Hall",1.43:1,IMAX Dome with Laser,1.43:1,IMAX GT Dome 15/70 m m,20.50 m x 12.1 m,
Asia,Kuwait,Ahmadi,Fahaheel,Cinescape Al-Kout & IMAX,1.90:1,IMAX Laser CoLa,1.90:1,,21.00 m x 11.80 m,Yes
Asia,Kuwait,Hawalli,Salmiya,"IMAX, The Scientific Center Kuwait",1.43:1,IMAX GT Laser,1.43:1,,20.00 m x 14.80 m,No
Asia,Kuwait,Farwaniya,Alree,VOX Tha Avenues & IMAX,1.90:1,IMAX Laser CoLa,1.90:1,,22.80 m x 12.34 m,Yes
Asia,Malaysia,Kuala Lumpur,Kuala Lumpur,"Aurum Theatre, The Exchange TRX & IMAX",1.90:1,IMAX Laser CoLa,1.90:1,,,Yes
Asia,Malaysia,Kuala Lumpur,Kuala Lumpur,TGV Pavilion Bukit Jalil & IMAX,1.90:1,IMAX Laser XT,1.90:1,,20.88 m x 11.08 m,Yes
Asia,Malaysia,Kuala Lumpur,Kuala Lumpur,TGV Sunway Velocity & IMAX,1.43:1,IMAX Laser CoLa,1.90:1,,25.90 m x 19.40 m,Yes
Asia,Malaysia,Kuala Lumpur,Kuala Lumpur,TGV Suria KLCC & IMAX,1.90:1,IMAX Laser XT,1.90:1,,,Yes
Asia,Malaysia,Selangor,Petaling Jaya,TGV 1 Utama & IMAX,1.90:1,IMAX Laser XT,1.90:1,,22.00 m x 12.50 m,Yes
Asia,Malaysia,Putrajaya,Putrajaya,GSC IOI City Mall & IMAX,1.90:1,IMAX Laser XT,1.90:1,,,Yes
Asia,Oman,Muscat,Muscat,VOX Mall Of Oman & IMAX,1.90:1,IMAX Laser CoLa,1.90:1,,10.7 m x 19.3 m,Yes
Asia,Philippines,National Capital Region,Quezon City,SM North EDSA & IMAX,1.90:1,IMAX Laser XT,1.90:1,,,Yes
Asia,Philippines,National Capital Region,Pasay City,SM Mall of Asia IMAX,1.43:1,IMAX Laser CoLa,1.90:1,,,Yes
Asia,Philippines,National Capital Region,Taguig City,SM Cinema Aura Premier & IMAX,1.90:1,IMAX Laser XT,1.90:1,,,Yes
Asia,Philippines,National Capital Region,Las Piñas,Vista Cinemas & IMAX,1.90:1,IMAX Laser CoLa,1.90:1,,,Yes
Asia,Philippines,Western Visayas,Iloilo City,SM Iloilo City & IMAX,1.90:1,IMAX Laser XT,1.90:1,,,Yes
Asia,Qatar,,Doha,Novo Mall Of Qatar & IMAX,1.90:1,IMAX GT Laser,1.90:1,,28.65 m x 15.88 m,Yes
Asia,Saudi Arabia,Eastern Province,Al Khobar,"Science Dome, Sultan Bin Abdulaziz Science & Technology Center",1.43:1,IMAX Dome with Laser,1.43:1,IMAX SR Dome 15/70 m m,20.00 m x 12.0 m,No
Asia,Saudi Arabia,Mecca Province,Jeddah,AMC Stars Avenue 9 & IMAX,1.90:1,IMAX Laser CoLa,1.90:1,,16.0 m x 8.9 m,Yes
Asia,Saudi Arabia,Mecca Province,Jeddah,VOX Jeddah Town Square & IMAX,1.90:1,IMAX Laser CoLa,1.90:1,,20.8 m x 11.6 m,Yes
Asia,Saudi Arabia,Mecca Province,Jeddah,VOX Red Sea Mall & IMAX,1.90:1,IMAX Laser CoLa,1.90:1,,17.5 m x 9.6 m,Yes
Asia,Saudi Arabia,Mecca Province,Jeddah,VOX Jeddah Park & IMAX,1.90:1,IMAX Laser XT,1.90:1,,17.0 m x 9.1 m,Yes
Asia,Saudi Arabia,Mecca Province,Jeddah,MUVI Mall Of Arabia & IMAX,1.90:1,IMAX Laser XT,1.90:1,,17.5 m x 9.6 m,Yes
Asia,Saudi Arabia,Riyadh Province,Riyadh,VOX Century Corner & IMAX,1.90:1,IMAX Laser XT,1.90:1,,18.0 m x 10.0 m,Yes
Asia,Saudi Arabia,Riyadh Province,Riyadh,MUVI U Walk & IMAX,1.90:1,IMAX Laser XT,1.90:1,,16.0 m x 8.5 m,Yes
Asia,Singapore,Central Region,Geylang,Shaw Paya Lebar Quarter & IMAX,1.90:1,IMAX Laser CoLa,1.90:1,,,Yes
Asia,Singapore,Central Region,Orchard,Shaw Theatres Lido & IMAX,1.90:1,IMAX Laser CoLa,1.90:1,,19.00 m x 9.00 m,Yes
Asia,Singapore,East Region,Changi,Shaw Theatres Jewel & IMAX,1.90:1,IMAX Laser CoLa,1.90:1,,,Yes
Asia,South Korea,Gyeonggi,Hwaseong,CGV Dongtan & IMAX,1.90:1,IMAX Laser XT,1.90:1,,,Yes
Asia,South Korea,Gyeonggi,Pyeongtaek,CGV Pyeongtaek & IMAX,1.90:1,IMAX Laser XT,1.90:1,,,Yes
Asia,South Korea,Gyeonggi,Seoul,CGV Apgujeong & IMAX,1.90:1,IMAX Laser XT,1.90:1,,16.00 m x 9.00 m,Yes
Asia,South Korea,Gyeonggi,Seoul,CGV Yeongdeungpo & IMAX,1.90:1,IMAX Laser CoLa,1.90:1,,,Yes
Asia,South Korea,Gyeonggi,Seoul,CGV Yongsan I'Park Mall & IMAX,1.43:1,IMAX GT Laser,1.43:1,,31.00 m x 22.40 m,Yes
Asia,South Korea,Gyeonggi,Suwon,CGV Gwangju & IMAX,1.90:1,IMAX Laser CoLa,1.90:1,,20.00 m x 12.00 m,Yes
Asia,South Korea,Hoseo,Cheonan,CGV Cheonan Pentaport & IMAX,1.90:1,IMAX Laser XT,1.90:1,,,Yes
Asia,South Korea,Hoseo,Daejeon,CGV Daejeon Terminal & IMAX,1.90:1,IMAX Laser XT,1.90:1,,16.00 m x 8.50 m,Yes
Asia,South Korea,Yeongnam,Daegu,CGV Daegu Spectrum City & IMAX,1.90:1,IMAX Laser CoLa,1.90:1,,21.30 m x 12.60 m,Yes
Asia,Taiwan,Northern Taiwan,New Taipei,New Taipei Yulon City VieShow & IMAX,1.90:1,IMAX Laser CoLa,1.90:1,,,Yes
Asia,Taiwan,Northern Taiwan,New Taipei City,Vieshow Cinemas Banqiao Mega City IMAX,1.90:1,IMAX Laser CoLa,1.90:1,,21.30 m x 11.15 m,Yes
Asia,Taiwan,Northern Taiwan,Taipei,Miramar IMAX,1.43:1,IMAX GT Laser,1.43:1,,28.40 m x 21.20 m,Yes
Asia,Taiwan,Southern Taiwan,Jiayi City,IN89 Cinemax Chiayi & IMAX,1.90:1,IMAX Laser CoLa,1.90:1,,,Yes
Asia,Taiwan,Southern Taiwan,Kaohsiung,Kaohsiung Vieshow IMAX,1.90:1,IMAX Laser CoLa,1.90:1,,15.90 m x 8.20 m,Yes
Asia,Thailand,Central Thailand,Bangkok,"Icon Cineconic, ICONSiam",1.90:1,IMAX Laser CoLa,1.90:1,,25.70 m x 13.70 m,Yes
Asia,Thailand,Central Thailand,Bangkok,Major Cineplex Ratchayothin,1.43:1,IMAX Laser CoLa,1.90:1,,24.00 m x 17.00 m,Yes
Asia,Thailand,Central Thailand,Bangkok,"Paragon Cineplex, Siam Paragon",1.43:1,IMAX Laser CoLa,1.90:1,,28.00 m x 21.00 m,Yes
Asia,Thailand,Central Thailand,Bangkok,"Quartier CineArt, Emquartier",1.90:1,IMAX Laser CoLa,1.90:1,,25.70 m x 13.70 m,Yes
Asia,Thailand,Central Thailand,Bangkok,"Bangkapi Cineplex, The Mall Lifestore Bangkapi",1.90:1,IMAX Laser CoLa,1.90:1,,22.50 m x 11.90 m,Yes
Asia,Thailand,Central Thailand,Bangkok,Major Cineplex Central Pinklao,1.90:1,IMAX Laser CoLa,1.90:1,,17.00 m x 9.00 m,Yes
Asia,Thailand,Central Thailand,Nonthaburi,"Westgate Cineplex, Central Westgate",1.90:1,IMAX Laser CoLa,1.90:1,,25.70 m x 13.50 m,Yes
Asia,Thailand,Central Thailand,Nonthaburi,Esplanade Cineplex Ngamwongwan-Khae rai,1.90:1,IMAX Laser CoLa,1.90:1,,20.00 m x 10.50 m,Yes
Asia,Thailand,Central Thailand,Samutprakarn,"Mega Cineplex,Mega Bangna",1.90:1,IMAX Laser XT,1.90:1,,19.00 m x 10.00 m,Yes
Asia,Thailand,Northern Thailand,Chiangmai,Major Cineplex Central Festival Chiangmai,1.90:1,IMAX Laser CoLa,1.90:1,,25.70 m x 13.5 m,Yes
Asia,United Arab Emirates,Abu Dhabi,Abu Dhabi,VOX Al Maryah & IMAX,1.90:1,IMAX Laser CoLa,1.90:1,,,Yes
Asia,United Arab Emirates,Dubai,Dubai,VOX Cinemas & IMAX,1.43:1,IMAX GT Laser,1.90:1,,23.90 m x 12.70 m,Yes
Asia,Vietnam,Ho Chi minh City,District 10,CGV Su Van Hanh & IMAX,2.30:01,IMAX Laser XT,1.90:1,,21.34 m x 11.74 m,Yes
Asia,Vietnam,Ho Chi minh City,Bình Tan District,CGV AEON Bình Tan & IMAX,2.30:01,IMAX Laser XT,1.90:1,,20.65 m x 11.30 m,Yes
Asia,Vietnam,Ho Chi minh City,Thu Duc City,Galaxy Sala & IMAX,2.30:01,IMAX Laser XT,2:30:01,,18.02 m x 9.95 m,Yes
Asia,Vietnam,Ho Chi minh City,Bình Thanh District,CGV Vincom Landmark & IMAX,,,,,22.06 m x 12.41 m,Yes
Asia,Vietnam,Ho Chi minh City,District 7,CGV SC VivoCity & IMAX,,,,,20.18 m x 11.35 m,Yes
Asia,Vietnam,Ha Noi,Ba Dình District,Galaxy Hanoi Centre & IMAX,,IMAX Laser XT,,,16.50 m x 9.35 m,Yes
Asia,Vietnam,Ha Noi,Ba Dình District,CGV Vincom Metropolis & IMAX,,,,,20.30x11.31 m,Yes
Asia,Vietnam,Ha Noi,Ha Dong District,CGV AEON Mall Ha Dong & IMAX,,,,,22.10 m x 12.43 m,Yes
Oceania,Australia,,Canberra,Dendy Canberra & IMAX,1.90:1,,1.90:1,,,Yes
Oceania,Australia,,Gold Coast,Event Cinemas Pacific Fair Mall & IMAX,1.90:1,,1.90:1,,21.3 m x 11.5 m,Yes
Oceania,Australia,, Melbourne,"IMAX, Melbourne Museum",1.43:1,IMAX GT Laser,1.43:1,"IMAX GT3D 15/70 m m, (2D Only)",32.0 m x 23.0 m,Yes
Oceania,Australia,,Sydney,IMAX Sydney,1.43:1,IMAX GT Laser,1.43:1,,29.0 m x 23.8 m,Yes
Oceania,New Zealand,,Auckland,Event Cinemas Queen Street & IMAX,1.43:1,IMAX GT Laser,1.43:1,,27.0 m x 19.9 m,Yes
Oceania,New Zealand,,Lower Hutt,Event Cinemas Queensgate & IMAX,1.90:1,IMAX Laser CoLa,1.90:1,,23.2 m x 12.5 m,Yes
Africa,Morocco,,Casablanca,Pathe Californie Casablanca & IMAX,1.90:1,IMAX Laser CoLa,1.90:1,,21.0 m x 11.5 m,Yes
Africa,South Africa,,Cape Town,Ster-Kinekor V&A Waterfront & IMAX,1.90:1,IMAX Laser CoLa,1.90:1,,,Yes
Americas,Aruba,Oranjestad West,Eagle Beach,The movies IMAX @ Gloria,1.90:1,IMAX Laser CoLa,1.90:1,,22.0 m x 13.0 m,Yes
Americas,Bahamas,New Providence,Nassau,Fusion Superplex & IMAX,1.43:1,IMAX GT Laser,1.43:1,,24.4 m x 16.8 m,Yes
Americas,Brazil,Bahia,Salvador,UCI Orient Shopping da Bahia,,,,,,
Americas,Brazil,Ceara,Fortaleza,UCI Ribeiro Shopping Iguatemi,,,,,,
Americas,Brazil,Pernambuco,Recife,UCI Kinoplex Shopping Recife,,,,,,
Americas,Brazil,Rio de Janeiro,Rio de Janeiro,UCI New York City Center,,,,,,Yes
Americas,Brazil,Rio Grande do Sul,Porto Alegre,Cinemark Bourbon Shopping Wallig,,,,,,Yes
Americas,Brazil,Sao Paulo,Campinas,Kinoplex D. Pedro,,,,,,
Americas,Brazil,Sao Paulo,Ribeirao Preto,UCI Ribeirao Shopping,,,,,,
Americas,Brazil,Sao Paulo,Sao Paulo,Cinepolis Iguatemi & IMAX,1.90:1,IMAX Laser CoLa,1.90:1,,19.10 m x 10.60 m,Yes
Americas,Canada,Alberta,Calgary,Landmark Cinemas 16 Country Hills & IMAX,1.90:1,IMAX Laser CoLa,1.90:1,,20.00 m x 10.70 m,Yes
Americas,Canada,Alberta,Calgary,Scotiabank Chinook & IMAX,1.43:1,IMAX Digital,1.90:1,IMAX SR 15/70 m m,21.33 m x 16.18 m,Yes
Americas,Canada,Alberta,Edmonton,Scotiabank Edmonton & IMAX,1.43:1,IMAX Digital,1.90:1,IMAX SR 15/70 m m,21.30 m x 16.00 m,Yes
Americas,Canada,Alberta,Edmonton,TELUS World of Science – Edmonton IMAX Theatre,1.90:1,IMAX GT Laser,1.90:1,,21.33 m x 12.80 m,Limited
Americas,Canada,British Columbia,Coquitlam,Cineplex Cinemas Coquitlam & IMAX,1.90:1,IMAX Laser CoLa,1.90:1,,18.53 m x 10.09 m,Yes
Americas,Canada,British Columbia,Langley,Cineplex Cinemas Langley & IMAX,1.43:1,IMAX Digital,1.90:1,IMAX SR 15/70 m m,21.30 m x 16.00 m,Yes
Americas,Canada,British Columbia,Vancouver,OMNIMAX Theatre at Science World,1.43:1,IMAX Dome with Laser,1.43:1,IMAX GT Dome 15/70 m m,27.00 m x 21.1 m,
Americas,Canada,British Columbia,Victoria,"IMAX Victoria, Royal BC Museum",1.43:1,IMAX GT Laser,1.43:1,,25.63 m x 18.68 m,Yes
Americas,Canada,Nova Scotia,Halifax,Scotiabank Halifax & IMAX,1.43:1,IMAX Digital,1.90:1,IMAX SR 15/70 m m,21.79 m x 16.09 m,
Americas,Canada,Ontario,Ancaster,SilverCity Ancaster Cinemas & IMAX,1.90:1,IMAX Laser CoLa,1.90:1,,,Yes
Americas,Canada,Ontario,Kanata,Landmark Cinemas 24 Kanata & IMAX,1.90:1,IMAX Laser CoLa,1.90:1,,,Yes
Americas,Canada,Ontario,Mississauga,Cineplex Cinemas Mississauga & IMAX,1.43:1,IMAX Digital,1.90:1,IMAX SR 15/70 m m,21.48 m x 16.09 m,Yes
Americas,Canada,Ontario,Sudbury,"La Salle IMAX, Science North",1.43:1,IMAX GT Laser,1.43:1,,22.10 m x 16.30 m,
Americas,Canada,Ontario,Toronto,Cinesphere & IMAX,1.43:1,IMAX GT Laser,1.43:1,IMAX GT3D 15/70 m m,24.38 m x 18.28 m,
Americas,Canada,Ontario,Toronto,"Shoppers Drug Mart OMNIMAX, Ontario Science Centre",1.43:1,IMAX Dome with Laser,1.43:1,IMAX GT Dome 15/70 m m,23.98 m x 16.7 m,
Americas,Canada,Ontario,Toronto,Scotiabank Toronto & IMAX,1.43:1,IMAX GT Laser,1.43:1,,23.77 m x 18.28 m,Yes
Americas,Canada,Ontario,Vaughan,Cineplex Cinemas Vaughan & IMAX,1.43:1,IMAX Digital,1.90:1,IMAX SR 15/70 m m,21.79 m x 16.12 m,Yes
Americas,Canada,Ontario,Waterloo,Landmark Waterloo & IMAX,1.90:1,IMAX Laser XT,1.90:1,,,Yes
Americas,Canada,Ontario,Whitby,Landmark Cinemas 24 Whitby & IMAX,1.90:1,IMAX Laser CoLa,1.90:1,,,
Americas,Canada,Quebec,Gatineau,Canadian Museum of History IMAX Dome,1.43:1,IMAX Dome with Laser,1.43:1,IMAX GT Dome 15/70 m m,23.00 m x 16.5 m,No
Americas,Canada,Quebec,Montreal,IMAX Telus Montreal Science Centre,1.43:1,IMAX GT Laser,1.43:1,,27.73 m x 21.33 m,No
Americas,Canada,Saskatchewan,Regina,"Kramer IMAX, Saskatchewan Science Centre",1.43:1,IMAX GT Laser,1.43:1,IMAX SR 15/70 m m,21.94 m x 15.84 m,Yes
Americas,Colombia,Antioquia,Envigado,Cine Colombia Viva Envigado & IMAX,1.90:1,IMAX Laser CoLa,1.90:1,,,Yes
Americas,Colombia,Bogota,Bogota,Multiplex Nuestro Bogota & IMAX,1.90:1,IMAX Laser CoLa,1.90:1,,,Yes
Americas,Curacao,Banda Ariba,Willemstad,The Movies Curacao & IMAX,1.90:1,IMAX Laser CoLa,1.90:1,,,Yes
Americas,Ecuador,Pichincha,Quito,Supercines Riocentro Quito & IMAX,1.90:1,IMAX Laser CoLa,1.90:1,,23.60 m x 13.40 m,
Americas,Mexico,Mexico City,Mexico City,Cinemex Antara & IMAX,1.90:1,IMAX Laser CoLa,1.90:1,,,Yes
Americas,Mexico,Nuevo Leon,Monterrey,Megapantalla IMAX Papalote monterrey,1.43:1,IMAX GT Laser,1.43:1,,21.00 m x 16.00 m,
Americas,Peru,Lima,Lima,Cinepolis Larcomar & IMAX,1.90:1,IMAX Laser CoLa,1.90:1,,,
Americas,United States,Alabama,Birmingham,"IMAX Dome, McWane Center",1.43:1,IMAX Dome with Laser,1.43:1,,24.00 m x 16.5 m,
Americas,United States,Arizona,Grand Canyon,"Grand Canyon IMAX, Grand Canyon Visitors Center",1.43:1,IMAX GT Laser,1.43:1,,23.80 m x 18.00 m,
Americas,United States,Arizona,Phoenix,AMC Deer Valley 30 & IMAX,1.90:1,IMAX Laser CoLa,1.90:1,,15.60 m x 8.70 m,Yes
Americas,United States,Arizona,Tempe,Harkins Arizona Mills 25 & IMAX,1.43:1,IMAX Digital,1.90:1,IMAX GT3D 15/70 m m,24.40 m x 18.30 m,Yes
Americas,United States,California,Aliso Viejo,Regal Edwards Aliso Viejo & IMAX,1.90:1,IMAX Laser CoLa,1.90:1,,16.50 m x 10.40 m,Yes
Americas,United States,California,Arcadia,AMC Santa Anita 16 & IMAX,1.90:1,IMAX Laser CoLa,1.90:1,,15.90 m x 10.10 m,Yes
Americas,United States,California,Burbank,AMC Burbank 16 & IMAX,1.90:1,IMAX Laser CoLa,1.90:1,,19.20 m x 11.30 m,Yes
Americas,United States,California,Canoga Park,AMC Topanga 12 & IMAX,1.90:1,IMAX Laser CoLa,1.90:1,,,Yes
Americas,United States,California,City of Industry,AMC Puente 20 & IMAX,1.90:1,IMAX GT Laser,1.90:1,,17.40 m x 9.10 m,Yes
Americas,United States,California,Daly City,Cinemark Century Daly City 20 & IMAX,1.90:1,IMAX Laser CoLa,1.90:1,,,Yes
Americas,United States,California,Dublin,Regal Hacienda Crossings & IMAX,1.43:1,IMAX Laser CoLa,1.90:1,IMAX GT3D 15/70 m m,23.28 m x 17.00 m,Yes
Americas,United States,California,Emeryville,AMC Bay Street 16 & IMAX,1.90:1,IMAX Laser CoLa,1.90:1,,15.10 m x 8.80 m,Yes
Americas,United States,California,Fresno,Regal Edwards Fresno & IMAX,1.90:1,IMAX Laser CoLa,1.90:1,,,Yes
Americas,United States,California,Glendale,AMC The Americana at Brand 18 & IMAX,1.90:1,IMAX Laser CoLa,1.90:1,,,Yes
Americas,United States,California,Hollywood,TCL Chinese Theatres IMAX,1.90:1,IMAX GT Laser,1.90:1,"IMAX SR 15/70 m m, (2D Only)(Temporary)",28.70 m x 14.00 m,Yes
Americas,United States,California,Irvine,Regal Edwards Irvine Spectrum & IMAX,1.43:1,IMAX Laser CoLa,1.90:1,IMAX 15/70 m m,26.80 m x 20.60 m,Yes
Americas,United States,California,Long Beach,Regal Edwards Long Beach & IMAX,1.90:1,IMAX Laser CoLa,1.90:1,,16.50 m x 10.30 m,Yes
Americas,United States,California,Los Angeles,AMC Century City 15 & IMAX,1.90:1,IMAX Laser CoLa,1.90:1,,16.80 m x 9.50 m,Yes
Americas,United States,California,Los Angeles,AMC The Grove & IMAX,1.90:1,IMAX Laser CoLa,1.90:1,,,Yes
Americas,United States,California,Los Angeles,"IMAX, California Science Center",1.43:1,IMAX GT Laser,1.43:1,,27.40 m x 20.30 m,
Americas,United States,California,Montclair,AMC DINE-IN Montclair 12 & IMAX,1.90:1,IMAX Laser CoLa,1.90:1,,,Yes
Americas,United States,California,National City,AMC Plaza Bonita 14 & IMAX,1.90:1,IMAX Laser CoLa,1.90:1,,15.50 m x 10.00 m,Yes
Americas,United States,California,Newark,AMC Newpark 12 & IMAX,1.90:1,IMAX Laser CoLa,1.90:1,,18.50 m x 10.20 m,Yes
Americas,United States,California,Ontario,Regal Edwards Ontario Palace & IMAX,1.43:1,IMAX Laser CoLa,1.90:1,IMAX GT3D 15/70 m m,27.10 m x 20.40 m,Yes
Americas,United States,California,Orange,AMC 30 at the Block & IMAX,1.90:1,IMAX Laser CoLa,1.90:1,,17.40 m x 8.80 m,Yes
Americas,United States,California,Sacramento,Esquire IMAX Theatre,1.43:1,IMAX Digital,1.90:1,IMAX GT3D 15/70 m m,23.10 m x 18.00 m,Yes
Americas,United States,California,San Diego,Fleet Science Center,1.43:1,IMAX Dome with Laser,1.43:1,,23.20 m x 13.1 m,
Americas,United States,California,San Francisco,AMC Metreon 16 & IMAX,1.43:1,IMAX GT Laser,1.43:1,IMAX GT3D 15/70 m m,29.80 m x 23.00 m,Yes
Americas,United States,California,San Jose,"IMAX Dome Theater, The Tech Interactive",1.43:1,IMAX Dome with Laser,1.43:1,,25.00 m x 18.3 m,
Americas,United States,California,Santa Clara,AMC Mercado 20 & IMAX,1.90:1,IMAX Laser CoLa,1.90:1,,17.40 m x 9.50 m,Yes
Americas,United States,California,South Gate,Regal Edwards South Gate & IMAX,1.90:1,IMAX Laser CoLa,1.90:1,,17.70 m x 11.30 m,Yes
Americas,United States,California,Stockton,Regal Stockton City Centre & IMAX,1.90:1,IMAX Laser CoLa,1.90:1,,16.10 m x 9.60 m,Yes
Americas,United States,California,Sunnyvale,AMC DINE-IN Sunnyvale 12 & IMAX,1.90:1,IMAX Laser CoLa,1.90:1,,,Yes
Americas,United States,California,Temecula,Regal Edwards Temecula & IMAX,1.90:1,IMAX Laser CoLa,1.90:1,,15.50 m x 10.20 m,Yes
Americas,United States,California,Torrance,AMC Del Amo 18 & IMAX,1.90:1,IMAX Laser CoLa,1.90:1,,15.90 m x 9.80 m,Yes
Americas,United States,California,Universal City,Universal Cinema AMC at CityWalk Hollywood & IMAX,1.43:1,IMAX GT Laser,1.43:1,IMAX GT3D 15/70 m m,24.10 m x 17.70 m,Yes
Americas,United States,California,Yorba Linda,Regal Yorba Linda & IMAX,1.90:1,IMAX Laser CoLa,1.90:1,,,Yes
Americas,United States,Colorado,Denver,AMC Orchard 12 & IMAX,1.90:1,IMAX Laser CoLa,1.90:1,,15.60 m x 10.00 m,Yes
Americas,United States,Colorado,Denver,AMC Westminster Promenade 24 & IMAX,1.90:1,IMAX Laser CoLa,1.90:1,,15.90 m x 10.60 m,Yes
Americas,United States,Colorado,Highlands Ranch,AMC Highlands Ranch 24 & IMAX,1.90:1,IMAX Laser CoLa,1.90:1,,17.50 m x 10.60 m,Yes
Americas,United States,Colorado,Loveland,Metrolux 12 & IMAX,1.90:1,IMAX Laser CoLa,1.90:1,,,Yes
Americas,United States,Connecticut,Milford,Cinemark Connecticut Post 14 & IMAX,1.90:1,IMAX Laser CoLa,1.90:1,,18.20 m x 10.10 m,Yes
Americas,United States,District of Columbia,Washington,AMC Georgetown 14 & IMAX,1.90:1,IMAX Laser CoLa,1.90:1,,13.70 m x 7.00 m,Yes
Americas,United States,District of Columbia,Washington,"Lockheed Martin IMAX, National Air & Space Museum",1.43:1,IMAX GT Laser,1.43:1,,23.00 m x 14.00 m,
Americas,United States,Florida,Alta monte Springs,AMC Altamonte Mall 18 & IMAX,1.90:1,IMAX Laser CoLa,1.90:1,,15.80 m x 8.70 m,Yes
Americas,United States,Florida,Aventura,AMC Aventura 24 & IMAX,1.90:1,IMAX Laser CoLa,1.90:1,,16.90 m x 9.30 m,Yes
Americas,United States,Florida,Delray Beach,Hooky Delray Beach & IMAX,1.90:1,IMAX Laser CoLa,1.90:1,,25.90 m x 16.80 m,Yes
Americas,United States,Florida,Fort Lauderdale,"Autonation IMAX, Museum of Discovery & Science",1.43:1,IMAX GT Laser,1.43:1,IMAX GT3D 15/70 m m,24.40 m x 18.30 m,Yes
Americas,United States,Florida,Fort Myers,Regal Gulf Coast & IMAX,1.90:1,IMAX Laser CoLa,1.90:1,,16.30 m x 9.70 m,Yes
Americas,United States,Florida,Kennedy Space Center,"IMAX, Kennedy Space Center 1",1.43:1,,1.43:1,IMAX GT3D 15/70 m m,21.30 m x 15.90 m,No
Americas,United States,Florida,Kennedy Space Center,"IMAX, Kennedy Space Center 2",1.43:1,IMAX Laser CoLa,1.90:1,,21.30 m x 15.90 m,No
Americas,United States,Florida,Orlando,Regal Waterford Lakes & IMAX,1.90:1,IMAX Laser XT,1.90:1,,15.20 m x 8.80 m,Yes
Americas,United States,Florida,Miami,Cm x  Dolphin 19 & IMAX,1.90:1,IMAX Laser CoLa,1.90:1,,16.20 m x 8.20 m,Yes
Americas,United States,Florida,Miami,Regal Kendall Village & IMAX,1.90:1,IMAX Laser CoLa,1.90:1,,16.30 m x 9.50 m,Yes
Americas,United States,Florida,Naples,Regal Naples & IMAX,1.90:1,IMAX Laser CoLa,1.90:1,,,Yes
Americas,United States,Florida,Pembroke Pines,AMC Pembroke Lakes 9 & IMAX,1.90:1,IMAX Laser CoLa,1.90:1,,18.40 m x 10.30 m,Yes
Americas,United States,Florida,Tampa,AMC Veterans 24 & IMAX,1.90:1,IMAX Laser CoLa,1.90:1,,16.60 m x 9.80 m,Yes
Americas,United States,Georgia,Alpharetta,AMC North Point Mall 12 & IMAX,1.90:1,IMAX Laser CoLa,1.90:1,,16.30 m x 9.10 m,Yes
Americas,United States,Georgia,Atlanta,Regal Atlantic Station & IMAX,1.90:1,IMAX Laser CoLa,1.90:1,,17.20 m x 9.70 m,Yes
Americas,United States,Georgia,Buford,Regal Mall of Georgia & IMAX,1.43:1,IMAX Laser CoLa,1.90:1,IMAX GT3D 15/70 m m,24.80 m x 18.10 m,Yes
Americas,United States,Georgia,Kennesaw,AMC Barrett Commons 24 & IMAX,1.90:1,IMAX Laser CoLa,1.90:1,,16.50 m x 9.40 m,Yes
Americas,United States,Georgia,Morrow,AMC Southlake Pavilion 24 & IMAX,1.90:1,IMAX Laser CoLa,1.90:1,,17.80 m x 9.90 m,Yes
Americas,United States,Georgia,Pooler,Royal Cinemas & IMAX,1.43:1,IMAX GT Laser,1.43:1,,30.8 m x 23.2 m,Yes
Americas,United States,Illinois,Chicago,Regal City North & IMAX,1.90:1,IMAX Laser CoLa,1.90:1,,15.5 m x 9 m,Yes
Americas,United States,Indiana,Indianapolis,"IMAX, Indiana State Museum",1.43:1,IMAX Digital,1.90:1,IMAX GT3D 15/70 m m,25.60 m x 19.20 m,Yes
Americas,United States,Iowa,Waukee,The Palms Theatre & IMAX,1.90:1,IMAX GT Laser,1.90:1,,28.11 m x 14.83 m,Yes
Americas,United States,Louisiana,Shreveport,The Goodman IMAX Dome,1.43:1,IMAX Dome with Laser,1.43:1,,18.30 m x 10.2 m,
Americas,United States,Maryland,Columbia,AMC Columbia 14 & IMAX,1.90:1,IMAX Laser CoLa,1.90:1,,15.90 m x 7.30 m,Yes
Americas,United States,Maryland,Frederick,Regal Westview & IMAX,1.90:1,IMAX Laser CoLa,1.90:1,,14.30 m x 7.70 m,Yes
Americas,United States,Maryland,Gaithersburg,AMC Rio Cinemas 18 & IMAX,1.90:1,IMAX Laser CoLa,1.90:1,,13.70 m x 8.20 m,Yes
Americas,United States,Maryland,Nottingham,AMC White Marsh 16 & IMAX,1.90:1,IMAX Laser CoLa,1.90:1,,16.20 m x 8.50 m,Yes
Americas,United States,Massachusetts,Boston,"Mugar Omni, Museum of Science",1.43:1,IMAX Dome with Laser,1.43:1,,23.20 m x 14.1 m,
Americas,United States,Massachusetts,Methuen,AMC Methuen 20 & IMAX,1.90:1,IMAX Laser CoLa,1.90:1,,16.40 m x 9.40 m,Yes
Americas,United States,Massachusetts,Reading,Sunbrella IMAX 3D Theater Reading,1.43:1,IMAX GT Laser,1.43:1,,25.70 m x 20.00 m,Yes
Americas,United States,Massachusetts,Somerville,AMC Assembly Row 12 & IMAX,1.90:1,IMAX Laser CoLa,1.90:1,,16.80 m x 9.40 m,Yes
Americas,United States,Michigan,Detroit,"Chrysler IMAX Dome Theatre, Michigan Science Center",1.43:1,IMAX Dome with Laser,1.43:1,IMAX GT Dome 15/70 m m,20.60 m x 10.9 m,
Americas,United States,Michigan,Grand Rapids,Celebration! Cinema Grand Rapids North & IMAX,1.43:1,IMAX Digital,1.90:1,IMAX SR 15/70 m m,21.30 m x 16.10 m,Yes
Americas,United States,Michigan,Southgate,MJR Southgate & IMAX,1.90:1,IMAX Laser XT,1.90:1,IMAX GT3D 15/70 m m,25.2984 m x 13.716 m,Yes
Americas,United States,Michigan,Troy,MJR Troy Cinema IMAX 3D,1.90:1,IMAX Laser CoLa,1.90:1,IMAX GT3D 15/70 m m,25.2984 m x 13.716 m,Yes
Americas,United States,Minnesota,Roseville,AMC Rosedale 14 & IMAX,1.90:1,IMAX Laser CoLa,1.90:1,,15.70 m x 8.80 m,Yes
Americas,United States,Minnesota,St. Paul,Omnitheater Science Museum of minnesota,1.43:1,IMAX Dome with Laser,1.43:1,,27.40 m x 20.4 m,
Americas,United States,Missouri,Branson,Branson's IMAX - Entertainment Complex,1.43:1,IMAX GT Laser,1.43:1,,25.60 m x 19.00 m,Yes
Americas,United States,Missouri,Kansas City,AMC Barry Woods 24 & IMAX,1.90:1,IMAX Laser CoLa,1.90:1,,17.70 m x 10.10 m,Yes
Americas,United States,Missouri,St. Louis,"OMNIMAX, St. Louis Science Center",1.43:1,IMAX Dome with Laser,1.43:1,,24.10 m x 17.9 m,
Americas,United States,Nevada,Las Vegas,AMC Town Square 18 & IMAX,1.90:1,IMAX Laser CoLa,1.90:1,,20.10 m x 11.30 m,Yes
Americas,United States,Nevada,North Las Vegas,Regal Aliante & IMAX,1.90:1,IMAX Laser CoLa,1.90:1,,15.50 m x 10.10 m,Yes
Americas,United States,New Jersey,Cherry Hill,AMC Cherry Hill 24 & IMAX,1.90:1,IMAX Laser CoLa,1.90:1,,16.50 m x 8.50 m,Yes
Americas,United States,New Jersey,Clifton,AMC Clifton Commons 16 & IMAX,1.90:1,IMAX Laser CoLa,1.90:1,,13.70 m x 7.30 m,Yes
Americas,United States,New Jersey,New Brunswick,AMC New Brunswick 18 & IMAX,1.90:1,IMAX Laser CoLa,1.90:1,,17.80 m x 9.70 m,Yes
Americas,United States,New Jersey,Paramus,AMC Garden State 16 & IMAX,1.90:1,IMAX Laser CoLa,1.90:1,,19.40 m x 11.40 m,Yes
Americas,United States,New Jersey,Rockaway,AMC Rockaway 16 & IMAX,1.90:1,IMAX Laser CoLa,1.90:1,,16.50 m x 9.20 m,Yes
Americas,United States,New York,Deer Park,Regal Deer Park & IMAX,1.90:1,IMAX Laser CoLa,1.90:1,,15.20 m x 9.50 m,Yes
Americas,United States,New York,Fresh Meadows,AMC Fresh Meadows 7 & IMAX,1.90:1,IMAX Laser CoLa,1.90:1,,,Yes
Americas,United States,New York,New Rochelle,Regal New Roc & IMAX,1.43:1,IMAX Laser CoLa,1.90:1,,24.80 m x 18.10 m,Yes
Americas,United States,New York,New York,AMC 34th Street 14 & IMAX,1.90:1,IMAX Laser CoLa,1.90:1,,16.50 m x 9.20 m,Yes
Americas,United States,New York,New York,AMC Empire 25 & IMAX,1.90:1,IMAX Laser CoLa,1.90:1,,17.70 m x 8.50 m,Yes
Americas,United States,New York,New York,AMC Kips Bay 15 & IMAX,1.90:1,IMAX Laser CoLa,1.90:1,,18.30 m x 8.40 m,Yes
Americas,United States,New York,New York,AMC Lincoln Square 13 & IMAX,1.43:1,IMAX GT Laser,1.43:1,IMAX GT3D 15/70 m m,30.78 m x 23.04 m,Yes
Americas,United States,New York,Staten Island,AMC Staten Island 11 & IMAX,1.90:1,IMAX Laser CoLa,1.90:1,,16.80 m x 9.40 m,Yes
Americas,United States,New York,Stony Brook,AMC Stony Brook 17 & IMAX,1.90:1,IMAX Laser CoLa,1.90:1,,15.90 m x 8.50 m,Yes
Americas,United States,North Carolina,Charlotte,Accenture IMAX Dome Theatre at Discovery Place,1.43:1,IMAX Dome with Laser,1.43:1,,24.10 m x 17.8 m,
Americas,United States,North Carolina,Concord,AMC Concord Mills 24 & IMAX,1.90:1,IMAX Laser CoLa,1.90:1,,14.70 m x 8.20 m,Yes
Americas,United States,North Carolina,Durham,AMC Southpoint 17 & IMAX,1.90:1,IMAX Laser CoLa,1.90:1,,19.10 m x 10.50 m,Yes
Americas,United States,North Carolina,Fayetteville,AMC Fayetteville 14 & IMAX,1.90:1,IMAX Laser CoLa,1.90:1,,20.10 m x 10.90 m,Yes
Americas,United States,North Carolina,High Point,Regal Palladium & IMAX,1.90:1,IMAX Laser CoLa,1.90:1,,15.20 m x 9.10 m,Yes
Americas,United States,Ohio,Cincinnati,Robert D. Lindner Family OMNIMAX Theater,1.43:1,IMAX Dome with Laser,1.43:1,,22.00 m x 13.0 m,
Americas,United States,Ohio,Columbus,Lennox Town Center & IMAX,1.90:1,IMAX Laser CoLa,1.90:1,,17.70 m x 9.20 m,Yes
Americas,United States,Oklahoma,Moore,Regal Warren Moore & IMAX,1.43:1,IMAX Laser CoLa,1.90:1,,24.40 m x 18.30 m,Yes
Americas,United States,Pennsylvania,Bensalem,AMC Neshaminy 24 & IMAX,1.90:1,IMAX Laser CoLa,1.90:1,,18.30 m x 9.80 m,Yes
Americas,United States,Pennsylvania,King of Prussia,Regal UA King of Prussia & IMAX,1.43:1,IMAX Laser CoLa,1.90:1,IMAX 15/70 m m,22.30 m x 15.90 m,Yes
Americas,United States,Pennsylvania,Warrington,Regal Warrington Crossing & IMAX,1.90:1,IMAX Laser CoLa,1.90:1,,15.80 m x 8.20 m,Yes
Americas,United States,Pennsylvania,West Homestead,AMC Waterfront 22 & IMAX,1.90:1,IMAX Laser CoLa,1.90:1,,15.30 m x 8.50 m,Yes
Americas,United States,Rhode Island,Providence,Providence Place Cinemas 16 and IMAX,1.43:1,IMAX Digital,1.90:1,IMAX GT3D 15/70 m m,24.70 m x 18.60 m,Yes
Americas,United States,Tennessee,Chattanooga,"IMAX 3D, Tennessee Aquarium",1.43:1,IMAX GT Laser,1.43:1,,26.60 m x 21.00 m,Yes
Americas,United States,Tennessee,Franklin,AMC Thoroughbred 20 & IMAX,1.90:1,IMAX Laser CoLa,1.90:1,,21.10 m x 11.60 m,Yes
Americas,United States,Tennessee,Knoxville,Regal Pinnacle & IMAX,1.90:1,IMAX Laser CoLa,1.90:1,,18.60 m x 11.20 m,Yes
Americas,United States,Tennessee,Nashville,Regal Opry Mills & IMAX,1.43:1,IMAX Laser CoLa,1.90:1,IMAX GT3D 15/70 m m,27.40 m x 20.0 m,Yes
Americas,United States,Texas,Austin,"IMAX, The Bullock Texas State History Museum",1.43:1,IMAX GT Laser,1.43:1,,25.10 m x 19.00 m,Yes
Americas,United States,Texas,Austin,Regal Gateway & IMAX,1.90:1,IMAX Laser CoLa,1.90:1,,15.20 m x 9.00 m,Yes
Americas,United States,Texas,Austin,AMC Barton Creek Square 14 & IMAX,1.90:1,IMAX Digital,1.90:1,,,Yes
Americas,United States,Texas,Austin,EVO Cinemas Belterra Village & IMAX,1.90:1,IMAX Laser CoLa,1.90:1,,,Yes
Americas,United States,Texas,Dallas,AMC Northpark 15 & IMAX,1.90:1,IMAX Laser CoLa,1.90:1,,20.00 m x 11.10 m,Yes
Americas,United States,Texas,Dallas,Cinemark Dallas & IMAX,1.43:1,IMAX Digital,1.90:1,IMAX SR 15/70 m m,21.60 m x 16.10 m,Yes
Americas,United States,Texas,Edinburg,AMC Edinburg 18 & IMAX,1.90:1,IMAX Laser CoLa,1.90:1,,23.0 m x 14 m,Yes
Americas,United States,Texas,Frisco,AMC Stonebriar 24 & IMAX,1.90:1,IMAX Laser CoLa,1.90:1,,15.90 m x 8.80 m,Yes
Americas,United States,Texas,Houston,AMC Willowbrook 24 & IMAX,1.90:1,IMAX Laser CoLa,1.90:1,,17.10 m x 9.50 m,Yes
Americas,United States,Texas,Houston,Regal Edwards Houston Marquee & IMAX,1.43:1,IMAX Laser CoLa,1.90:1,,22.90 m x 17.40 m,Yes
Americas,United States,Texas,Hutto,Hooky Hutto & IMAX,1.90:1,IMAX Laser CoLa,1.90:1,,,Yes
Americas,United States,Texas,Kyle,EVO Entertainment Kyle & IMAX,1.90:1,IMAX Laser CoLa,1.90:1,,,Yes
Americas,United States,Texas,San Antonio,AMC Rivercenter 11 & IMAX (Auditorium 10),1.43:1,IMAX Digital,1.90:1,,21.30 m x 16.10 m,Yes
Americas,United States,Texas,San Antonio,AMC Rivercenter 11 & IMAX (Auditorium 11),1.43:1,IMAX Digital,1.90:1,IMAX 15/70 m m,25.90 m x 18.90 m,Yes
Americas,United States,Texas,Shenandoah,AMC Metropark 10 & IMAX,1.90:1,IMAX Laser CoLa,1.90:1,,16.00 m x 10.00 m,Yes
Americas,United States,Virginia,Alexandria,AMC Hoffman 22,1.90:1,IMAX Laser CoLa,1.90:1,,15.5 m x 8.5 m,Yes
Americas,United States,Virginia,Ashburn,Regal Fox & IMAX,1.90:1,IMAX Laser CoLa,1.90:1,,16.80 m x 9.50 m,Yes
Americas,United States,Virginia,Chantilly,"Airbus IMAX, Steven F. Udvar-Hazy Center",1.43:1,IMAX GT Laser,1.43:1,,26.10 m x 19.00 m,Yes
Americas,United States,Virginia,McLean,AMC Tysons Corner 16 & IMAX,1.90:1,IMAX Laser CoLa,1.90:1,,19.80 m x 12.20 m,Yes
Americas,United States,Virginia,Virginia Beach,AMC Lynnhaven 18 & IMAX,1.90:1,IMAX Laser CoLa,1.90:1,,15.80 m x 9.10 m,Yes
Americas,United States,Virginia,Woodbridge,AMC Potomac Mills 18 & IMAX,1.90:1,IMAX Laser CoLa,1.90:1,,16.00 m x 9.00 m,Yes
Americas,United States,Washington,Kent,AMC Kent Station 14 & IMAX,1.90:1,IMAX Laser CoLa,1.90:1,,15.70 m x 8.80 m,Yes
Americas,United States,Washington,Lynnwood,AMC Alderwood Mall 16 & IMAX,1.90:1,IMAX Laser CoLa,1.90:1,,19.20 m x 10.70 m,Yes
Americas,United States,Washington,Seattle,"Boeing IMAX, Pacific Science Center",1.43:1,IMAX GT Laser,1.43:1,,24.40 m x 18.10 m,Yes
Americas,United States,Washington,Tukwila,AMC Southcenter 16 & IMAX,1.90:1,IMAX Laser CoLa,1.90:1,,15.80 m x 8.70 m,Yes